stream_segment,stream,reach,year,mean_width_ft,pools_mile,all_lwd_mile,infs_lwd_mile,w_d,w_dmax,mean_residual_pool_depth_ft,q_cfs,reach_length_ft,fish_1000,density_fish_m2,psd150mm,fish_species,area_acres,silt,permeability,precip,temp
Advent-2,Advent Cr.,2-0,2003,9.2,27,253,NA,22.94,4.82,1.9,NA,2168,NA,NA,NA,NA,2908.9200600000004,3503,0,71476,896
Advent-2,Advent Cr.,2-1,2006,9.3,183,691,0,15.33,6.59,0.87,5.06,201.5,NA,NA,NA,NA,2908.9200600000004,3503,0,71476,896
Advent-2,Advent Cr.,2-1,2010,9.2,138,442,0,22.11,7.26,1.01,NA,191,169,0.14,0,EBT,2908.9200600000004,3503,0,71476,896
Advent-2,Advent Cr.,2-1,2015,9.2,117,323,0,22.06,8.75,0.75,NA,180,NA,NA,NA,NA,2908.9200600000004,3503,0,71476,896
Advent-2,Advent Cr.,2-1,2021,9.63,82.07,1094.3,0,19.31,8.12,0.89,3.15,193,146,0.16,33,EBT,2908.9200600000004,3503,0,71476,896
Advent-2,Advent Cr.,2-1,2016,9.4,58,729,0,23.88,5.38,1.06,2.57,181,56,0.05,14,EBT,2908.9200600000004,3503,0,71476,896
Blessed-3,Blessed Cr.,3-0,2003,6.9,42,249,NA,20.17,4.89,1.15,NA,2124,NA,NA,NA,NA,2308.6773045,3491,0,70750,903
Blessed-3,Blessed Cr.,3-1,2016,8.1,273,967,0,15.96,7.49,0.78,NA,213,202,0.18,24,EBT,2308.6773045,3491,0,70750,903
Blessed-3,Blessed Cr.,3-1,2021,7.31,245.58,1596.28,24.56,14.39,6.83,0.67,1.62,215,146,0.21,11,EBT,2308.6773045,3491,0,70750,903
Blessed-3,Blessed Cr.,3-1,2010,9.8,178,1038,0,19.42,8.97,0.88,NA,178,162,0,12,EBT,2308.6773045,3491,0,70750,903
Blessed-3,Blessed Cr.,3-1,2006,9.9,169,963,24,13.96,6.58,1.06,4.75,219.3,NA,NA,NA,NA,2308.6773045,3491,0,70750,903
Blessed-3,Blessed Cr.,3-1,2005,7.3,54,268,0,20,5.59,1.05,NA,295,NA,NA,NA,NA,2308.6773045,3491,0,70750,903
Boulder-2,Boulder Cr.,2-0,1997,20.7,23.78,360.42,NA,28.2,10.16,1.41,NA,5772,174,NA,NA,WCT,9297.869256,5079,0,94378,833
Boulder-2,Boulder Cr.,2-1,1997,15.35,268.47,89.49,NA,23.87,8.82,1.11,NA,59,NA,NA,NA,NA,9297.869256,5079,0,94378,833
Boulder-2,Boulder Cr.,2-2,1997,16.5,226.29,301.71,NA,27.32,7.71,1.31,NA,70,NA,NA,NA,NA,9297.869256,5079,0,94378,833
Boulder-2,Boulder Cr.,2-0,2001,14.3,NA,NA,NA,NA,NA,NA,NA,225,111,0.08,18,WCT,9297.869256,5079,0,94378,833
Boulder-2,Boulder Cr.,2-0,2003,17.1,61,679.49,NA,28.94,7.73,1.57,NA,5385,195,0.16,44,WCT,9297.869256,5079,0,94378,833
Boulder-2,Boulder Cr.,2-0,2004,16.4,NA,NA,NA,NA,NA,NA,NA,231,83,0.05,100,WCT,9297.869256,5079,0,94378,833
Boulder-2,Boulder Cr.,2-2,2004,NA,NA,NA,NA,NA,NA,NA,NA,NA,83,NA,NA,WCT,9297.869256,5079,0,94378,833
Boulder-4,Boulder Cr.,4-0,1997,21,85,212,NA,45.1,7.77,1.21,NA,12578,122,NA,NA,WCT,6535.729566,5135,0,98083,805
Boulder-4,Boulder Cr.,4-0,2003,15.7,62,942,NA,29.2,7.11,1.35,9.96,12244,86,NA,NA,WCT,6535.729566,5135,0,98083,805
Boulder-4,Boulder Cr.,4-1,1997,12.9,201,401,NA,24.25,8.89,0.98,NA,79,178,NA,NA,WCT,6535.729566,5135,0,98083,805
Boulder-4,Boulder Cr.,4-1,2003,13.6,109,655,NA,27,7.66,1.1,9.96,145,86,0.06,54,WCT,6535.729566,5135,0,98083,805
Boulder-4,Boulder Cr.,4-1,2009,16.5,103,415,26,32.38,12.14,0.89,4.51,411,152,0.1,83,WCT,6535.729566,5135,0,98083,805
Boulder-4,Boulder Cr.,4-1,2020,14.6,38,283,13,33.4,1.35,0.72,4.95,549,184,0.14,135,WCT,6535.729566,5135,0,98083,805
Deep-1,Deep Cr.,1-1,2017,16.5,77,330,11,23.84,8.06,1.3,6.75,480,189,0.09,24,WCT,8904.67578,4631,41,138307,751
Deep-1,Deep Cr.,1-1,2007,19.2,58,329,19,22.27,7.82,1.62,25.36,546,151,0.08,67,WCT,8904.67578,4631,41,138307,751
Deep-1,Deep Cr.,1-1,2011,17.6,55,275,69,17.01,7.38,1.81,NA,384,244,0.14,34,WCT,8904.67578,4631,41,138307,751
Deep-1,Deep Cr.,1-1,2005,16.8,34,110,48,22.91,7.13,2.27,NA,770,266,0.17,42,WCT,8904.67578,4631,41,138307,751
Deep-1,Deep Cr.,1-1,2000,16.7,NA,NA,NA,NA,NA,1.05,12.74,1000,203,0.04,32,WCT,8904.67578,4631,41,138307,751
Dodge-2,Dodge Cr.,2-0,2000,12.8,79,286,NA,26.2,8.41,1.31,NA,3199,NA,NA,NA,NA,9732.2057145,4581,0,78354,976
Dodge-2,Dodge Cr.,2-0,2004,11.5,80,438,NA,24.5,6.35,1.38,NA,3256,NA,NA,NA,NA,9732.2057145,4581,0,78354,976
Dodge-2,Dodge Cr.,2-1,2006,14.76,110,968,0,22.94,10.92,1.04,NA,240,186,0.16,20,"EBT,WCT",9732.2057145,4581,0,78354,976
Dodge-2,Dodge Cr.,2-1,2010,12.65,124.03,1204.83,17.72,25.73,7.78,1.28,NA,298,262,0.21,10,"EBT,WCT",9732.2057145,4581,0,78354,976
Dodge-2,Dodge Cr.,2-1,2020,11.36,62.3,513.98,46.73,24.69,7.56,1.15,2.31,339,255,0.24,8,EBT,9732.2057145,4581,0,78354,976
Dodge-2,Dodge Cr.,2-1,2021,10.42,74.72,473.21,49.81,25.11,7.54,1.05,2.37,212,547,0.16,13,"EBT,WCT",9732.2057145,4581,0,78354,976
Dodge-2,Dodge Cr.,2-1,2022,11.2,26.53,504.12,26.53,19.36,7.01,1.29,3.4,199,162,0.15,14,EBT,9732.2057145,4581,0,78354,976
Dodge-4,Dodge Cr.,4-0,2000,10.5,53,243,NA,25.7,8.28,1.31,NA,7090,NA,NA,NA,NA,6884.444142,4945,0,88120,885
Dodge-4,Dodge Cr.,4-0,2004,11.5,76,478,NA,25.4,6.84,1.21,5.53,6069,168,0.14,31,"EBT,WCT",6884.444142,4945,0,88120,885
Dodge-4,Dodge Cr.,4-1,1999,9.2,NA,NA,NA,NA,NA,NA,3.8,NA,237,0.27,15,"EBT,WCT",6884.444142,4945,0,88120,885
Dodge-4,Dodge Cr.,4-1,2001,9.4,NA,NA,NA,31.78,NA,NA,NA,265,308,0.35,32,"EBT,WCT",6884.444142,4945,0,88120,885
Dodge-4,Dodge Cr.,4-1,2003,9.8,NA,NA,NA,19.1,NA,NA,NA,277,305,0.32,27,"EBT,WCT",6884.444142,4945,0,88120,885
Dodge-4,Dodge Cr.,4-1,2006,13.83,120.78,638.43,NA,14.98,7.69,1.29,NA,306,231,0.17,20,"EBT,WCT",6884.444142,4945,0,88120,885
Dodge-4,Dodge Cr.,4-1,2010,NA,NA,NA,NA,NA,NA,NA,NA,254,274,NA,NA,"EBT,WCT",6884.444142,4945,0,88120,885
Dodge-4,Dodge Cr.,4-1,2020,12.59,129.97,1348.43,32.49,28.91,8.94,1.12,2.31,325,396,0.31,13,"EBT,WCT",6884.444142,4945,0,88120,885
Dodge-4,Dodge Cr.,4-1,2021,12.2,164,1606,45,25.3,9.6,1.07,2.01,355,377,0.38,6,"EBT,WCT",6884.444142,4945,0,88120,885
Dodge-4,Dodge Cr.,4-1,2022,13.38,123.51,1435.79,77.19,26.56,8.59,1.21,3.4,342,319,0.23,9,"EBT,WCT",6884.444142,4945,0,88120,885
Edna-1,Edna Cr.,1-1,2018,15,94,495,35,30.34,9.34,1.05,6.51,448,NA,NA,NA,NA,12827.937154500001,4097,39,70323,1050
Edna-1,Edna Cr.,1-1,2009,13,90,487,0,25.04,8.98,1.01,2.8,293,116,0.11,6,"EBT,RBT,WCT",12827.937154500001,4097,39,70323,1050
Edna-1,Edna Cr.,1-1,2002,14.1,NA,NA,NA,23.89,NA,NA,NA,242.8,163,0.12,26,"EBT,RBT,WCT",12827.937154500001,4097,39,70323,1050
Edna-1,Edna Cr.,1-1,2001,10.3,NA,NA,NA,55.64,NA,NA,NA,265,126,0.13,27,"EBT,RBT,WCT",12827.937154500001,4097,39,70323,1050
Fortine-2,Fortine,Middle,2009,18.7,77.65,388.24,11.09,39.26,11.98,1.31,2.02,476,84,0.05,5,"EBT,RBT",25076.314242,4041,20,64945,1040
Fortine-2,Fortine,Middle,2020,15.97,64.84,463.16,46.32,48.31,9,1.39,1.91,570,110,0.06,16,"EBT,RBT",25076.314242,4041,20,64945,1040
Fortine-2,Fortine,Middle,2002,18,NA,NA,NA,34.4,NA,NA,NA,246,188,0.29,13,"EBT,RBT",25076.314242,4041,20,64945,1040
Fortine-2,Fortine,Middle,2001,16.8,NA,NA,NA,40.5,NA,NA,NA,250,154,0.37,4,"EBT,RBT",25076.314242,4041,20,64945,1040
Fortine-3,Fortine,Upper,2009,14.04,97.78,890.86,43.46,48.59,8.72,1.16,NA,486,75,0.07,6,"EBT,RBT,WCT",12969.157662000001,4252,21,69737,999
Fortine-3,Fortine,Upper,2020,14.54,96.59,595.61,16.1,51.63,12.7,0.97,1.91,328,188,0.13,9,"EBT,RBT,WCT",12969.157662000001,4252,21,69737,999
Fortine-3,Fortine,Upper,1999,NA,NA,NA,NA,NA,NA,NA,0.72,519,183,0.13,12,"EBT,RBT,WCT",12969.157662000001,4252,21,69737,999
Fortine-3,Fortine,Upper,2001,10,NA,NA,NA,27.64,NA,NA,NA,250,122,0.13,11,"EBT,RBT",12969.157662000001,4252,21,69737,999
Fortine-3,Fortine,Upper,2002,12.1,NA,NA,NA,26.42,NA,NA,NA,242.8,103,0.08,9,"EBT,RBT,WCT",12969.157662000001,4252,21,69737,999
LaughingWater-1,Laughing Water,1-1,2021,7.38,130.05,650.25,26.01,26.16,8.99,0.52,1.25,203,140,0.2,12,EBT,4467.015927,4337,44,102902,909
LaughingWater-1,Laughing Water,1-1,2007,7.3,109,490,0,25.97,9.85,0.73,NA,194,NA,NA,NA,NA,4467.015927,4337,44,102902,909
LaughingWater-1,Laughing Water,1-1,2011,6.3,93,463,0,8.78,3.45,1.01,NA,171,NA,NA,NA,NA,4467.015927,4337,44,102902,909
LaughingWater-1,Laughing Water,1-1,2005,5.5,82,408,82,16.47,5.27,0.9,NA,194,NA,NA,NA,NA,4467.015927,4337,44,102902,909
Lookout-1,Lookout Cr.,1-0,1999,11.8,78,781,NA,37.39,8.06,1.08,1.17,7157,400,0.4,10,"RBT,WCT",36446.900238,4996,0,87835,924
Lookout-1,Lookout Cr.,1-1,2001,13.5,NA,NA,NA,34.17,NA,NA,NA,265,215,0.14,12,"EBT,RBT",36446.900238,4996,0,87835,924
Lookout-1,Lookout Cr.,1-1,2004,11.9,NA,NA,NA,24.76,NA,NA,NA,249,180,0.16,9,RBT,36446.900238,4996,0,87835,924
Lookout-1,Lookout Cr.,1-1,2017,12.7,90,373,11,41.9,9.81,1.08,0.33,467,122,0.06,14,"EBT,RBT",36446.900238,4996,0,87835,924
Louis-1,Louis Cr.,1-1,2006,8.2,372,909,83,10.82,5.13,1.3,NA,127.8,NA,NA,NA,NA,2537.7436395,3492,2,82118,1029
Louis-1,Louis Cr.,1-1,2016,8.5,336,1076,67,16.31,6.07,1.34,0.85,157,126,0.09,10,EBT,2537.7436395,3492,2,82118,1029
Louis-1,Louis Cr.,1-1,2010,7.1,291,1457,36,12.48,5.06,1.2,NA,145,71,0.14,5,EBT,2537.7436395,3492,2,82118,1029
Louis-1,Louis Cr.,1-1,2015,7.4,241,573,30,11.25,4.42,1.39,NA,175,NA,NA,NA,NA,2537.7436395,3492,2,82118,1029
Louis-1,Louis Cr.,1-1,2021,8.57,231,2046,33,16.43,6.08,1.22,0.66,113,134,0.16,4,EBT,2537.7436395,3492,2,82118,1029
McGuire-1,McGuire Cr.,1-0,1998,13.8,47,115,NA,30.8,7.11,1.64,NA,15384,NA,NA,NA,NA,11264.0590305,5596,0,88680,883
McGuire-1,McGuire Cr.,1-0,2003,13.8,72,241,NA,31.5,7.24,1.54,3.86,15931.4,282,0.21,1,WCT,11264.0590305,5596,0,88680,883
McGuire-1,McGuire Cr.,1-1,1999,13.4,NA,NA,NA,NA,NA,NA,NA,500,284,0.23,20,WCT,11264.0590305,5596,0,88680,883
McGuire-1,McGuire Cr.,1-1,2001,14.8,NA,NA,NA,18.75,NA,NA,NA,250,348,0.24,3,WCT,11264.0590305,5596,0,88680,883
McGuire-1,McGuire Cr.,1-1,2002,15.4,NA,NA,NA,22.4,NA,NA,NA,240,305,0.2,6,WCT,11264.0590305,5596,0,88680,883
McGuire-1,McGuire Cr.,1-1,2005,14.3,NA,NA,NA,25.55,NA,NA,1.35,188,629,0.43,1,WCT,11264.0590305,5596,0,88680,883
McGuire-1,McGuire Cr.,1-1,2009,15.76,NA,NA,NA,NA,NA,NA,NA,NA,258,0.17,5,WCT,11264.0590305,5596,0,88680,883
McGuire-1,McGuire Cr.,1-1,2014,12.9,120,290,30,23.39,6.67,1.41,2.41,528,NA,NA,NA,NA,11264.0590305,5596,0,88680,883
McGuire-1,McGuire Cr.,1-1,2019,9.8,231,451,22,17.25,5.72,1.07,1.35,480,204,0.11,15,WCT,11264.0590305,5596,0,88680,883
NF Big-1,NF Big,1-0,1997,15.7,105,194,7,36.9,9.35,1.28,NA,17778,445,0.35,20,"EBT,RBT,WCT",11583.639927,5482,0,109097,904
NF Big-1,NF Big,1-1,1999,10.2,NA,NA,NA,NA,NA,NA,NA,500,217,0.44,47,"EBT,RBT,WCT",11583.639927,5482,0,109097,904
NF Big-1,NF Big,1-1,2001,17.1,NA,NA,NA,24.76,NA,NA,NA,250,636,0.39,43,"EBT,RBT,WCT",11583.639927,5482,0,109097,904
NF Big-1,NF Big,1-1,2004,17,NA,NA,NA,28.72,NA,NA,NA,250,245,0.15,35,"EBT,RBT,WCT",11583.639927,5482,0,109097,904
NF Big-1,NF Big,1-1,2008,17.4,98,625,29,29.07,10.64,1.22,NA,541,363,0.21,30,"EBT,RBT,WCT",11583.639927,5482,0,109097,904
NF Big-1,NF Big,1-1,2011,16.09,68.87,723.13,114.78,20.27,7.18,1.44,NA,460,NA,NA,NA,NA,11583.639927,5482,0,109097,904
NF Big-1,NF Big,1-1,2017,12.98,60.14,577.31,84.19,27,7.29,1.4,2.87,439,255,0.14,20,"EBT,RBT,WCT",11583.639927,5482,0,109097,904
Paul-1,Paul Cr.,1-1,2015,7.5,220,346,31,20.98,8.02,0.8,NA,168,NA,NA,NA,NA,2008.4447295000002,3503,0,83432,976
Paul-1,Paul Cr.,1-1,2016,7.4,218,1020,36,23.8,6.99,0.76,NA,145,215,0.33,15,EBT,2008.4447295000002,3503,0,83432,976
Paul-1,Paul Cr.,1-1,2021,6.71,157.95,1624.62,45.13,22.67,6.35,0.88,0.62,234,170,0.25,10,EBT,2008.4447295000002,3503,0,83432,976
Paul-1,Paul Cr.,1-1,2010,6.3,148,1246,59,14.89,6.34,0.92,NA,178,268,0.45,27,EBT,2008.4447295000002,3503,0,83432,976
Pinkham-13,Pinkham Cr.,13-0,1996,22.3,20,111,NA,51.5,8.1,2.17,8.52,11749,NA,NA,NA,NA,18638.438256,4991,0,89646,908
Pinkham-13,Pinkham Cr.,13-0,2001,20.3,45,150,NA,39,10.07,1.61,8.25,11059,373,0.2,11,"EBT,RBT",18638.438256,4991,0,89646,908
Pinkham-13,Pinkham Cr.,13-0,2002,18.7,33,198,NA,32.5,7.93,2.03,NA,10968,352,0.17,12,"EBT,RBT",18638.438256,4991,0,89646,908
Pinkham-13,Pinkham Cr.,13-0,2003,20.3,33,169,NA,39,8.56,2,NA,10907,255,0.14,42,"EBT,RBT",18638.438256,4991,0,89646,908
Pinkham-13,Pinkham Cr.,13-1,2005,17.6,NA,NA,NA,28.56,NA,NA,NA,250,494,0.28,20,"EBT,RBT",18638.438256,4991,0,89646,908
Pinkham-13,Pinkham Cr.,13-1,2008,21.08,NA,NA,NA,NA,NA,1.67,NA,279,461,0.21,13,"EBT,RBT",18638.438256,4991,0,89646,908
Pinkham-13,Pinkham Cr.,13-1,2016,17.1,75,583,52,36.42,7.65,1.77,2.72,195,516,0.37,45,"EBT,RBT",18638.438256,4991,0,89646,908
Pinkham-13,Pinkham Cr.,13-1,2021,17.47,61.6,1601.6,61.6,36.25,9.38,1.66,2.53,600,NA,NA,NA,NA,18638.438256,4991,0,89646,908
Pinkham-13,Pinkham Cr.,13-1,2022,21.7,104,2157,76,38.32,11.91,1.65,3.2,558,289,0.14,9,"EBT,RBT",18638.438256,4991,0,89646,908
Pinkham-14,Pinkham Cr.,14-0,1996,18,13,121,NA,57,8.23,1.54,9.66,8102.4,NA,NA,NA,"EBT,RBT",16433.174394,5049,0,91888,892
Pinkham-14,Pinkham Cr.,14-0,2001,18.4,30,106,NA,44.07,10.44,1.54,8.27,8481.3,498,0.31,14,"EBT,RBT",16433.174394,5049,0,91888,892
Pinkham-14,Pinkham Cr.,14-0,2002,15.7,17,115,NA,32,7.64,1.8,8.52,8556,393,0.22,12,"EBT,RBT",16433.174394,5049,0,91888,892
Pinkham-14,Pinkham Cr.,14-0,2003,19.7,19,134,NA,43.3,10.35,1.61,8.25,8566,327,0.23,27,"EBT,RBT",16433.174394,5049,0,91888,892
Pinkham-14,Pinkham Cr.,14-1,2005,16.2,NA,NA,NA,31.81,NA,NA,NA,251,417,0.27,18,"EBT,RBT",16433.174394,5049,0,91888,892
Pinkham-14,Pinkham Cr.,14-1,2021,15.3,124.53,589.43,33.21,31.6,10.9,0.91,2.01,636,NA,NA,NA,NA,16433.174394,5049,0,91888,892
Pinkham-14,Pinkham Cr.,14-1,2022,17.4,59,393,59,36.3,10.68,1.08,3.2,631,443,0.26,8,"EBT,RBT",16433.174394,5049,0,91888,892
Pinkham-15,Pinkham Cr.,15-0,1996,15.4,14,128,NA,52.8,8.74,1.71,9.66,7900.9,NA,NA,NA,NA,11436.637162500001,5069,0,94417,873
Pinkham-15,Pinkham Cr.,15-0,2001,14.8,33,135,NA,41.96,7.95,1.54,8.27,8852,614,0.46,12,EBT,11436.637162500001,5069,0,94417,873
Pinkham-15,Pinkham Cr.,15-0,2002,14.8,27,175,NA,33.1,7.55,1.84,8.52,8606,408,0.26,15,EBT,11436.637162500001,5069,0,94417,873
Pinkham-15,Pinkham Cr.,15-0,2003,16.4,19,172,NA,40.5,8.21,1.77,8.25,8451,329,0.23,14,EBT,11436.637162500001,5069,0,94417,873
Pinkham-15,Pinkham Cr.,15-1,1999,18.4,NA,NA,NA,NA,NA,NA,NA,505,322,0.19,22,EBT,11436.637162500001,5069,0,94417,873
Pinkham-15,Pinkham Cr.,15-1,2005,15.6,NA,NA,NA,31.73,NA,NA,NA,240,605,0.4,14,EBT,11436.637162500001,5069,0,94417,873
Pinkham-15,Pinkham Cr.,15-1,2017,16.85,66.24,425.81,75.7,40.99,12.88,1.07,1.76,558,421,0.15,11,EBT,11436.637162500001,5069,0,94417,873
Pinkham-15,Pinkham Cr.,15-1,2021,15.76,75.43,707.14,37.71,34.87,10.86,0.95,2.17,560,NA,NA,NA,NA,11436.637162500001,5069,0,94417,873
Pinkham-15,Pinkham Cr.,15-1,2022,18.5,88,622,39,43.8,13.51,0.95,3.2,543,382,0.19,5,EBT,11436.637162500001,5069,0,94417,873
Pinkham-16,Pinkham Cr.,16-0,1996,32.5,48,173,NA,42.5,28.22,1.18,9.66,9807.4,NA,NA,NA,NA,7486.9108425,5107,0,98251,841
Pinkham-16,Pinkham Cr.,16-0,2001,12.5,39,149,NA,29.26,8.24,1.51,8.27,7278,601,0.45,12,EBT,7486.9108425,5107,0,98251,841
Pinkham-16,Pinkham Cr.,16-0,2002,13.5,29,191,NA,30.8,7.94,1.77,2.27,9874,350,0.24,4,EBT,7486.9108425,5107,0,98251,841
Pinkham-16,Pinkham Cr.,16-0,2003,14.4,23,172,NA,34.1,8.01,1.77,8.25,9505,327,0.35,10,EBT,7486.9108425,5107,0,98251,841
Pinkham-16,Pinkham Cr.,16-1,2005,12.8,NA,NA,NA,32.58,NA,NA,NA,255,303,0.25,14,EBT,7486.9108425,5107,0,98251,841
Pinkham-16,Pinkham Cr.,16-1,2017,13.96,79.31,362.58,22.66,30.14,10.59,1.1,0.75,466,350,0.18,16,EBT,7486.9108425,5107,0,98251,841
Pinkham-16,Pinkham Cr.,16-1,2021,14.77,114.59,802.14,26.44,38.33,11.45,0.91,1.8,599,NA,NA,NA,NA,7486.9108425,5107,0,98251,841
Pinkham-16,Pinkham Cr.,16-1,2022,15.21,104.41,566.78,29.83,30.58,11.99,1.06,3.2,354,315,0.2,10,EBT,7486.9108425,5107,0,98251,841
Pinkham-2,Pinkham Cr.,2-0,1996,24,23,148,NA,30.8,8.54,1.55,5,3928,NA,NA,NA,NA,49165.196904000004,4405,11,73368,1042
Pinkham-2,Pinkham Cr.,2-0,2001,21,32,78,NA,41,9.06,1.28,5,4746,NA,NA,NA,NA,49165.196904000004,4405,11,73368,1042
Pinkham-2,Pinkham Cr.,2-0,2002,21.3,30,93,NA,37.4,8.69,1.41,7.57,4474,NA,NA,NA,NA,49165.196904000004,4405,11,73368,1042
Pinkham-2,Pinkham Cr.,2-0,2003,23,19,69,NA,35.9,9.71,1.38,10.7,4393,NA,NA,NA,NA,49165.196904000004,4405,11,73368,1042
Pinkham-2,Pinkham Cr.,2-0,2008,17.5,75,491,48,29.25,9.4,1.29,5.04,774,197,0.1,14,"EBT,RBT",49165.196904000004,4405,11,73368,1042
Pinkham-2,Pinkham Cr.,2-1,2010,NA,NA,NA,NA,NA,NA,NA,NA,547,247,NA,NA,"EBT,RBT",49165.196904000004,4405,11,73368,1042
Pinkham-2,Pinkham Cr.,2-1,2011,22.9,62,248,80,40.56,11.04,1.1,NA,595,290,NA,NA,"EBT,RBT",49165.196904000004,4405,11,73368,1042
Pinkham-2,Pinkham Cr.,2-1,2014,19.3,58,406,66,51.6,10.43,1.68,0.36,637,342,0.12,36,"EBT,RBT",49165.196904000004,4405,11,73368,1042
Pinkham-2,Pinkham Cr.,2-1,2016,21,66,396,40,40.09,11.2,1.34,2.2,800,267,0.11,12,RBT,49165.196904000004,4405,11,73368,1042
Pinkham-2,Pinkham Cr.,2-1,2021,18.52,63.68,712.11,57.89,46.07,10.48,1.29,1.75,912,NA,NA,NA,NA,49165.196904000004,4405,11,73368,1042
Pinkham-3,Pinkham Cr.,3-0,1996,23.63,30,91,NA,36.8,7.82,1.8,5,21696,NA,NA,NA,NA,46769.563350000004,4387,10,73953,1037
Pinkham-3,Pinkham Cr.,3-0,2001,21.3,31,82,NA,35.5,8.13,2.17,5,21010,294,0.17,17,"EBT,RBT,WCT",46769.563350000004,4387,10,73953,1037
Pinkham-3,Pinkham Cr.,3-0,2002,18.7,30,114,NA,34.3,6.68,2.17,7.57,20925,80,0.05,0,"EBT,RBT",46769.563350000004,4387,10,73953,1037
Pinkham-3,Pinkham Cr.,3-0,2003,20.3,29,136,NA,37.2,7.42,2.13,10.7,21104,73,0.08,7,"EBT,RBT",46769.563350000004,4387,10,73953,1037
Pinkham-3,Pinkham Cr.,3-1,1999,18.3,NA,NA,NA,NA,NA,NA,NA,500,401,0.23,32,"EBT,RBT",46769.563350000004,4387,10,73953,1037
Pinkham-3,Pinkham Cr.,3-1,2005,15.7,NA,NA,NA,28.24,NA,NA,NA,244,182,0.12,15,"EBT,RBT",46769.563350000004,4387,10,73953,1037
Pinkham-4,Pinkham Cr.,4-0,1996,24.3,18,61,NA,31.7,10.58,1.51,5,8107,NA,NA,NA,"EBT,RBT",40693.300821000004,4443,5,77280,1008
Pinkham-4,Pinkham Cr.,4-0,2001,21.3,31,52,NA,45.23,8.56,1.8,5,8714,283,0.19,35,"EBT,RBT",40693.300821000004,4443,5,77280,1008
Pinkham-4,Pinkham Cr.,4-0,2002,19,24,77,NA,39.1,7,1.94,7.57,8766,240,0.15,28,"EBT,RBT",40693.300821000004,4443,5,77280,1008
Pinkham-4,Pinkham Cr.,4-0,2003,19.7,25,117,NA,37.4,8.59,1.84,10.7,3693.2,116,0.08,121,"EBT,RBT",40693.300821000004,4443,5,77280,1008
Pinkham-4,Pinkham Cr.,4-1,2005,16.5,NA,NA,NA,34.62,NA,NA,NA,246,273,0.18,31,"EBT,RBT",40693.300821000004,4443,5,77280,1008
Pinkham-5,Pinkham Cr.,5-0,1996,23.6,9,69,NA,35.9,11.39,1.35,5,3693,NA,NA,NA,"EBT,RBT",38819.182369500006,4488,5,78448,999
Pinkham-5,Pinkham Cr.,5-0,2001,21.3,28,56,NA,50.19,8.75,1.28,5,2834,271,0.15,23,"EBT,RBT",38819.182369500006,4488,5,78448,999
Pinkham-5,Pinkham Cr.,5-0,2002,21.3,15,91,NA,39,7.33,1.57,7.57,2833,234,0.12,23,"EBT,RBT",38819.182369500006,4488,5,78448,999
Pinkham-5,Pinkham Cr.,5-0,2003,24.9,18,94,NA,66.6,8.58,2.59,10.7,3314,98,0.06,24,"EBT,RBT",38819.182369500006,4488,5,78448,999
Pinkham-5,Pinkham Cr.,5-1,2005,18.2,NA,NA,NA,37.07,NA,NA,NA,250,292,0.17,68,"EBT,RBT",38819.182369500006,4488,5,78448,999
SFBig-1,SF Big,1-1,2008,27.3,50,191,7,52.89,20.03,1.09,NA,745,488,0.22,8,RBT,36446.900238,4996,0,87835,924
SFBig-1,SF Big,1-1,2011,32.17,24.18,128.98,8.06,41.05,16.8,1.06,NA,655,485,0.09,32,RBT,36446.900238,4996,0,87835,924
Sullivan-1,Sullivan Cr.,1-0,1997,15.1,66,175,NA,26.83,6.06,1.28,NA,5430,297,NA,NA,WCT,10633.125834,4973,0,86851,896
Sullivan-1,Sullivan Cr.,1-0,2003,13.5,81,366,NA,29.9,5.98,1.48,NA,5658,NA,NA,NA,NA,10633.125834,4973,0,86851,896
Sullivan-1,Sullivan Cr.,1-1,1997,11.6,148,49,NA,17.92,7.04,0.53,5.04,107,297,NA,NA,WCT,10633.125834,4973,0,86851,896
Sullivan-1,Sullivan Cr.,1-1,1999,16.6,NA,NA,NA,NA,NA,NA,NA,1000,243,0.15,22,WCT,10633.125834,4973,0,86851,896
Sullivan-1,Sullivan Cr.,1-1,2001,11.1,NA,NA,NA,24.67,NA,NA,NA,250,510,0.49,14,WCT,10633.125834,4973,0,86851,896
Sullivan-1,Sullivan Cr.,1-1,2003,10.46,56.98,227.91,NA,18.95,5.76,1.15,6.78,278,413,0.32,18,WCT,10633.125834,4973,0,86851,896
Sullivan-1,Sullivan Cr.,1-1,2004,13.3,NA,NA,NA,27.81,NA,NA,NA,256,349,0.27,11,WCT,10633.125834,4973,0,86851,896
Sullivan-1,Sullivan Cr.,1-1,2009,14.6,99,395,0,20.01,8.89,0.95,6.13,374,134,0.09,8,WCT,10633.125834,4973,0,86851,896
Sullivan-1,Sullivan Cr.,1-1,2020,13.5,104,282,38,24.87,6.45,1.19,4.54,561,163,0.15,5,WCT,10633.125834,4973,0,86851,896
Sullivan-2,Sullivan Cr.,2-0,1997,15.1,278,93,NA,20.41,8.15,1.31,NA,2815,160,0.15,29,WCT,8962.7207445,5000,0,89949,869
Sullivan-2,Sullivan Cr.,2-1,1985,12.1,NA,NA,NA,NA,NA,NA,NA,341,151,NA,NA,WCT,8962.7207445,5000,0,89949,869
Sullivan-2,Sullivan Cr.,2-1,2001,11.4,NA,NA,NA,25.9,NA,NA,NA,250,369,0.34,16,WCT,8962.7207445,5000,0,89949,869
Sullivan-2,Sullivan Cr.,2-1,2003,12.48,35.68,249.73,NA,24.7,4.56,1.77,6.78,444,368,0.33,17,WCT,8962.7207445,5000,0,89949,869
Sullivan-2,Sullivan Cr.,2-1,2004,13.4,NA,NA,NA,26.15,NA,NA,NA,239,273,0.22,33,WCT,8962.7207445,5000,0,89949,869
Sullivan-2,Sullivan Cr.,2-1,2020,13.4,103.02,347.71,64.39,24.64,9.74,0.73,4.54,410,237,0.19,5,WCT,8962.7207445,5000,0,89949,869
Sullivan-3,Sullivan Cr.,3-0,1997,14.1,41,139,NA,25.96,6.37,1.54,NA,3487,130,0.28,50,WCT,8962.7207445,5000,0,89949,869
Sullivan-3,Sullivan Cr.,3-0,2003,13.8,90,607,NA,27,6.32,1.61,NA,2451,NA,NA,NA,NA,8962.7207445,5000,0,89949,869
Sullivan-4,Sullivan Cr.,4-0,1997,13.5,38,136,NA,26.11,9.15,1.21,NA,3716,255,0.38,42,WCT,8125.405452000001,5031,0,92703,841
Sullivan-4,Sullivan Cr.,4-0,2003,11.4,34,402,NA,25.9,7.19,1.57,NA,3432,NA,NA,NA,NA,8125.405452000001,5031,0,92703,841
Sunday-1,Sunday Cr.,1-1,2006,16.4,87,1275,0,15.49,8.09,1.24,22.95,362.9,285,0.13,64,EBT,27435.475098000003,3541,13,75054,977
Sunday-1,Sunday Cr.,1-1,2013,16.1,63,859,13,27.37,9.58,1.29,11.27,418,NA,NA,NA,NA,27435.475098000003,3541,13,75054,977
Sunday-1,Sunday Cr.,1-1,2010,17.5,55,1150,0,18.56,7.56,1.36,NA,381,74,NA,NA,EBT,27435.475098000003,3541,13,75054,977
Sunday-1,Sunday Cr.,1-1,2016,16.4,52,805,10,21.08,9.42,1.08,19.66,505,392,0.21,17,EBT,27435.475098000003,3541,13,75054,977
Sunday-1,Sunday Cr.,1-1,2021,16.53,38.97,983.91,0,17.54,7.03,1.88,11.15,542,NA,NA,NA,NA,27435.475098000003,3541,13,75054,977
Sunday-1,Sunday Cr.,1-1,2002,24.9,NA,NA,NA,NA,NA,NA,NA,198,332,0.12,13,EBT,27435.475098000003,3541,13,75054,977
Sunday-2,Sunday Cr.,2-0,1999,24.5,80,307,NA,25.46,9.95,2.43,NA,791.3,NA,NA,NA,NA,26083.5389325,3500,9,75859,965
Sunday-2,Sunday Cr.,2-1,2006,21.5,72,1402,51,20.62,10.57,1.19,16.96,516.1,NA,NA,NA,NA,26083.5389325,3500,9,75859,965
Sunday-2,Sunday Cr.,2-1,2010,20.4,47,1365,38,27.64,9.21,1.62,NA,561,226,0.13,64,EBT,26083.5389325,3500,9,75859,965
Sunday-2,Sunday Cr.,2-1,2002,NA,NA,NA,NA,NA,NA,NA,NA,198,332,0.12,13,EBT,26083.5389325,3500,9,75859,965
Sunday-2,Sunday Cr.,2-1,2001,NA,NA,NA,NA,NA,NA,NA,NA,347,58,0.03,18,EBT,26083.5389325,3500,9,75859,965
Sunday-3,Sunday Cr.,3-1,2021,13.49,111.45,1212.03,69.66,27.83,9.18,1.3,4.3,379,401.28,0.21,16,EBT,7482.240558,3504,0,76910,939
Sunday-3,Sunday Cr.,3-1,2016,13.6,95,894,68,28.94,8.44,1.4,4.06,390,341,0.22,34,EBT,7482.240558,3504,0,76910,939
Sunday-3,Sunday Cr.,3-1,2006,11.7,57,958,57,9.46,5.38,1.35,8.77,369.2,164,0.18,26,EBT,7482.240558,3504,0,76910,939
Sunday-3,Sunday Cr.,3-1,2010,13,54,826,95,27.24,6.42,1.36,NA,390,245,0.15,38,EBT,7482.240558,3504,0,76910,939
Sunday-3,Sunday Cr.,3-1,1999,12.1,NA,NA,NA,NA,NA,1.74,NA,500,256,0.19,18,EBT,7482.240558,3504,0,76910,939
Sunday-3,Sunday Cr.,3-1,2002,12.8,NA,NA,NA,27.86,NA,NA,NA,260,178,0.14,23,EBT,7482.240558,3504,0,76910,939
Sunday-3,Sunday Cr.,3-1,2001,12.1,NA,NA,NA,20.5,NA,NA,NA,260,151,0.12,29,EBT,7482.240558,3504,0,76910,939
Sutton-1,Sutton Cr.,1-0,1998,16.7,62,41,NA,27.05,7.29,1.87,NA,1026,118,NA,NA,"BT,RBT,WCT",21752.6284395,5162,0,90169,905
Sutton-1,Sutton Cr.,1-0,2003,16.7,51,234,NA,35.67,8.48,1.48,0.6,924,96,0.07,144,"BT,RBT",21752.6284395,5162,0,90169,905
Sutton-1,Sutton Cr.,1-1,1999,13.5,NA,NA,NA,NA,NA,NA,NA,607,128,0.09,9,"EBT,RBT,WCT,BT",21752.6284395,5162,0,90169,905
Sutton-1,Sutton Cr.,1-1,2001,16.7,NA,NA,NA,22.23,NA,NA,NA,299,151,0.09,13,"EBT,RBT,WCT,BT",21752.6284395,5162,0,90169,905
Sutton-1,Sutton Cr.,1-1,2002,14.1,NA,NA,NA,20.47,NA,NA,NA,240,172,0.13,8,"BT,RBT",21752.6284395,5162,0,90169,905
Sutton-1,Sutton Cr.,1-1,2005,14,NA,NA,NA,17.91,NA,NA,NA,224,103,0.08,18,"EBT,RBT,BT",21752.6284395,5162,0,90169,905
Sutton-1,Sutton Cr.,1-1,2009,14.5,NA,NA,NA,NA,NA,NA,NA,310,55,0.04,167,"EBT,RBT,WCT",21752.6284395,5162,0,90169,905
Sutton-1,Sutton Cr.,1-1,2014,16.3,81,189,18,27.71,8.75,1.39,2.74,586,NA,NA,NA,NA,21752.6284395,5162,0,90169,905
Sutton-1,Sutton Cr.,1-1,2019,13.2,74,276,9,19.94,7.52,1.36,1.25,574,180,0.04,19,RBT,21752.6284395,5162,0,90169,905
Sutton-2,Sutton Cr.,2-0,1998,17.1,67,47,NA,24.57,5,2.33,NA,790,156,0.08,27,RBT,21259.8022275,5150,0,90961,898
Sutton-2,Sutton Cr.,2-0,2003,14.8,74,217,NA,32.39,5.88,2.2,0.6,1000,NA,NA,NA,NA,21259.8022275,5150,0,90961,898
Sutton-3,Sutton Cr.,3-0,1998,17.7,53,66,NA,28.84,6.89,1.74,NA,2788,281,0.13,82,RBT,21257.800677000003,5150,0,90964,898
Sutton-3,Sutton Cr.,3-0,2003,15.7,84,284,NA,35.9,7.91,1.57,0.6,2753,259,0.17,14,RBT,21257.800677000003,5150,0,90964,898
Sutton-3,Sutton Cr.,3-1,2001,16.4,NA,NA,NA,27.12,NA,NA,NA,260,353,0.23,18,RBT,21257.800677000003,5150,0,90964,898
Sutton-3,Sutton Cr.,3-1,2002,16.1,NA,NA,NA,32.7,NA,NA,NA,240,269,0.18,11,RBT,21257.800677000003,5150,0,90964,898
Sutton-3,Sutton Cr.,3-1,2005,14.1,NA,NA,NA,29.32,NA,NA,NA,230,405,0.31,11,RBT,21257.800677000003,5150,0,90964,898
Sutton-3,Sutton Cr.,3-1,2009,13.1,NA,NA,NA,NA,NA,NA,NA,257,355,0.28,13,RBT,21257.800677000003,5150,0,90964,898
Sutton-3,Sutton Cr.,3-1,2019,12.6,119,544,43,22.4,7.59,1.17,1.25,621,324,0.24,9,RBT,21257.800677000003,5150,0,90964,898
Sutton-4,Sutton Cr.,4-0,1998,17.4,55,95,NA,30.62,7.34,1.57,NA,6085.3,374,0.25,30,RBT,19299.1723155,5113,0,93272,881
Sutton-4,Sutton Cr.,4-1,2001,17.6,NA,NA,NA,33.5,NA,NA,1.95,268,503,0.3,4,RBT,19299.1723155,5113,0,93272,881
Sutton-4,Sutton Cr.,4-1,2002,17.4,NA,NA,NA,31.17,NA,NA,2.75,259.2,501,0.29,7,RBT,19299.1723155,5113,0,93272,881
Sutton-4,Sutton Cr.,4-1,2003,14.4,56,298,NA,43.31,7.21,1.61,0.64,6182.7,493,0.44,4,RBT,19299.1723155,5113,0,93272,881
Sutton-4,Sutton Cr.,4-1,2005,16.9,NA,NA,NA,29.26,NA,NA,1.79,210,380,0.23,18,RBT,19299.1723155,5113,0,93272,881
Sutton-4,Sutton Cr.,4-1,2009,12.3,NA,NA,NA,NA,NA,NA,NA,251,582,0.5,13,RBT,19299.1723155,5113,0,93272,881
Sutton-4,Sutton Cr.,4-1,2014,14.6,72,362,62,31.76,8.21,1.24,NA,511,NA,NA,NA,NA,19299.1723155,5113,0,93272,881
Sutton-4,Sutton Cr.,4-1,2019,11.6,131,494,10,19.05,7.77,0.97,1.25,256,247,0.46,8,RBT,19299.1723155,5113,0,93272,881
Sutton-5,Sutton Cr.,5-0,1998,22,35,155,NA,38.03,6.6,1.41,NA,4799,289,0.46,61,RBT,16376.4637965,5038,0,95361,867
Sutton-5,Sutton Cr.,5-0,2003,9.8,36,263,NA,29.7,6.25,1.71,0.64,4574,0,0,0,NA,16376.4637965,5038,0,95361,867
Sutton-5,Sutton Cr.,5-1,2001,10.4,NA,NA,NA,27.18,NA,NA,NA,250,235,0.24,20,RBT,16376.4637965,5038,0,95361,867
Sutton-5,Sutton Cr.,5-1,2002,12.8,NA,NA,NA,32.5,NA,NA,NA,233,173,0.14,18,RBT,16376.4637965,5038,0,95361,867
Sutton-5,Sutton Cr.,5-1,2005,11.5,NA,NA,NA,23.95,NA,NA,NA,241,174,0.16,45,RBT,16376.4637965,5038,0,95361,867
Swamp-1,Swamp Cr.,1-1,2009,18.1,61,486,46,30.39,12.38,1.07,NA,695,197,0.1,13,"EBT,RBT",28865.2493385,4537,0,66417,1034
Swamp-1,Swamp Cr.,1-1,2018,20.5,61,617,23,44.19,11.22,1.51,NA,1129,NA,NA,NA,NA,28865.2493385,4537,0,66417,1034
Swamp-1,Swamp Cr.,1-1,2002,17.7,NA,NA,NA,28.42,NA,NA,NA,264,115,0.07,24,"EBT,RBT",28865.2493385,4537,0,66417,1034
Swamp-1,Swamp Cr.,PIBO,2006,NA,120,402,402,190.5,NA,0.79,NA,617,NA,NA,NA,NA,28865.2493385,4537,0,66417,1034
Swamp-1,Swamp Cr.,PIBO,2016,NA,116,304,NA,45.6,NA,0.66,NA,590,NA,NA,NA,NA,28865.2493385,4537,0,66417,1034
Swamp-1,Swamp Cr.,PIBO,2011,NA,94,337,337,45.5,NA,0.69,NA,565,NA,NA,NA,NA,28865.2493385,4537,0,66417,1034
Swamp-1,Swamp Cr.,PIBO,2001,NA,90,294,NA,787.8,NA,NA,NA,574,167,0.12,41,"EBT,RBT",28865.2493385,4537,0,66417,1034
TenMile-1,Ten Mile Cr.,1-0,1998,13.8,67,75,NA,34.37,7.09,1.41,NA,11927,97,NA,NA,RBT,8901.7846515,5377,0,79696,921
TenMile-1,Ten Mile Cr.,1-0,2003,15.4,50,144,NA,34.8,8.86,1.51,1.86,10741.8,289,0.26,6,RBT,8901.7846515,5377,0,79696,921
TenMile-1,Ten Mile Cr.,1-1,1998,12.22,84.14,42.07,NA,28.08,7.18,1.05,2,502,NA,NA,NA,NA,8901.7846515,5377,0,79696,921
TenMile-1,Ten Mile Cr.,1-1,1999,14.4,NA,NA,NA,NA,NA,NA,NA,500,176,0.13,19,RBT,8901.7846515,5377,0,79696,921
TenMile-1,Ten Mile Cr.,1-1,2001,13.3,NA,NA,NA,18.41,NA,NA,NA,284,179,0.14,11,RBT,8901.7846515,5377,0,79696,921
TenMile-1,Ten Mile Cr.,1-1,2002,13.8,NA,NA,NA,26.25,NA,NA,NA,255.2,124,0.09,15,RBT,8901.7846515,5377,0,79696,921
TenMile-1,Ten Mile Cr.,1-1,2003,14.2,33.95,67.91,NA,25.03,6.54,2.03,1.86,622,289,0.26,6,RBT,8901.7846515,5377,0,79696,921
TenMile-1,Ten Mile Cr.,1-1,2005,14,NA,NA,NA,27.13,NA,NA,NA,240,138,0.1,39,RBT,8901.7846515,5377,0,79696,921
TenMile-1,Ten Mile Cr.,1-1,2009,14.3,66,396,17,28.1,10.32,1.06,NA,297,151,0.09,13,RBT,8901.7846515,5377,0,79696,921
TenMile-1,Ten Mile Cr.,1-1,2018,13.2,88,397,9,27.1,10.04,1.13,0.86,598,NA,NA,NA,NA,8901.7846515,5377,0,79696,921
TenMile-1,Ten Mile Cr.,1-1,2019,10.6,177,450,18,18.22,8.43,0.8,1.1,598,87,0.08,15,RBT,8901.7846515,5377,0,79696,921
Boulder-1,Boulder Cr.,1-0,1997,17.1,35,178.96,NA,28.2,6.58,1.84,NA,11831,NA,NA,NA,NA,NA,NA,NA,NA,NA
Boulder-1,Boulder Cr.,1-0,2003,17.4,90,891.59,NA,24.35,6.46,1.64,9.96,10861,NA,NA,NA,NA,NA,NA,NA,NA,NA
Boulder-1,Boulder Cr.,1-1,1997,13.7,180,240,NA,15.17,6.88,1.11,NA,88,104,NA,NA,WCT,NA,NA,NA,NA,NA
Boulder-1,Boulder Cr.,1-1,2003,14.04,205.71,617.14,NA,18.91,5.76,1.47,9.96,77,NA,NA,NA,NA,NA,NA,NA,NA,NA
Boulder-1,Boulder Cr.,1-2,1997,23,216.99,578.63,NA,25.22,9.52,2,NA,73,NA,NA,NA,NA,NA,NA,NA,NA,NA
Dodge-1,Dodge Cr.,1-0,2000,11.8,83,265,NA,27,7.27,1.15,NA,8294,NA,NA,NA,NA,NA,NA,NA,NA,NA
Dodge-1,Dodge Cr.,1-0,2004,10.8,65,369,NA,21.5,6.95,1.28,NA,7449,NA,NA,NA,NA,NA,NA,NA,NA,NA
Dodge-1,Dodge Cr.,1-1,2010,12.6,67,958,22,31.6,8.66,1.11,NA,237,NA,NA,NA,NA,NA,NA,NA,NA,NA
Good-1,Good Cr.,1-1,2009,11.1,116,116,0,26.4,9.07,0.87,NA,320,22,0.22,43,"RBT,WCT",NA,NA,NA,NA,NA
Sullivan-5,Sullivan Cr.,5-0,1997,16.7,38,179,NA,30.73,6.99,1.44,NA,12393,NA,NA,NA,NA,NA,NA,NA,NA,NA
Sullivan-5,Sullivan Cr.,5-0,2003,12.1,74,667,NA,27.6,6.71,1.44,NA,11314,NA,NA,NA,NA,NA,NA,NA,NA,NA
Sutton-6,Sutton Cr.,6-0,1998,13.1,69,122,NA,29.82,7.31,1.61,NA,4672,NA,NA,NA,NA,NA,NA,NA,NA,NA
Sutton-6,Sutton Cr.,6-0,2003,9.8,42,125,NA,29.93,6.48,1.64,0.64,3622,NA,NA,NA,NA,NA,NA,NA,NA,NA
TenMile-2,Ten Mile Cr.,2-0,1998,13.5,57,70,NA,21.44,5.57,1.97,NA,1663,0,NA,NA,NA,NA,NA,NA,NA,NA
Young-1,Young Cr.,1-0,1998,18.7,45,76,NA,25.2,9.63,1.05,NA,1177,220,NA,NA,"EBT,RBT,WCT",NA,NA,NA,NA,NA
Young-1,Young Cr.,1-0,2004,15.1,52,331,NA,28.9,6.93,1.67,16.2,1739,96,NA,NA,"BT,EBT,RBT,WCT,MWF",NA,NA,NA,NA,NA
Young-1,Young Cr.,1-1,1986,NA,NA,NA,NA,NA,NA,NA,6.37,530,602,NA,NA,"EBT,RBT,WCT",NA,NA,NA,NA,NA
Young-1,Young Cr.,1-1,1987,16.1,NA,NA,NA,NA,NA,NA,1.72,530,276,NA,NA,"EBT,RBT,WCT",NA,NA,NA,NA,NA
Young-1,Young Cr.,1-1,1996,16.4,NA,NA,NA,NA,NA,NA,NA,604,9,NA,NA,"EBT,RBT,WCT",NA,NA,NA,NA,NA
Young-1,Young Cr.,1-1,1997,NA,NA,NA,NA,NA,NA,NA,NA,485,36,NA,NA,"EBT,RBT,WCT",NA,NA,NA,NA,NA
Young-1,Young Cr.,1-1,1998,14.1,61,122,NA,21.63,10.24,0.88,NA,431,220,NA,NA,"EBT,RBT,WCT",NA,NA,NA,NA,NA
Young-1,Young Cr.,1-1,1999,NA,NA,NA,NA,NA,NA,NA,NA,485,248,NA,NA,"EBT,RBT,WCT",NA,NA,NA,NA,NA
Young-1,Young Cr.,1-1,2001,NA,NA,NA,NA,NA,NA,NA,NA,485,96,NA,NA,"EBT,RBT,WCT",NA,NA,NA,NA,NA
Young-1,Young Cr.,1-1,2002,NA,NA,NA,NA,NA,NA,NA,NA,500,148,NA,NA,"EBT,RBT,WCT,MWF",NA,NA,NA,NA,NA
Young-1,Young Cr.,1-1,2004,15.8,64,327,NA,24.13,7.76,1.57,16.2,582,96,NA,NA,"BT,EBT,RBT,WCT,MWF",NA,NA,NA,NA,NA
Young-1,Young Cr.,1-1,2005,NA,NA,NA,NA,NA,NA,NA,NA,NA,86,NA,NA,"BT,EBT,RBT,WCT,MWF",NA,NA,NA,NA,NA
Young-1,Young Cr.,1-1,2006,NA,NA,NA,NA,NA,NA,NA,NA,NA,95,NA,NA,"EBT,RBT,WCT,MWF",NA,NA,NA,NA,NA
Young-1,Young Cr.,1-1,2007,NA,NA,NA,NA,NA,NA,NA,NA,NA,67,NA,NA,"EBT,RBT,WCT",NA,NA,NA,NA,NA
Young-1,Young Cr.,1-1,2008,NA,NA,NA,NA,NA,NA,NA,NA,NA,130,NA,NA,"BT,EBT,RBT,WCT",NA,NA,NA,NA,NA
Young-1,Young Cr.,1-1,2009,NA,NA,NA,NA,NA,NA,NA,NA,NA,104,NA,NA,"BT,EBT,RBT,WCT",NA,NA,NA,NA,NA
Young-1,Young Cr.,1-1,2010,13.8,81,597,0,20.88,9.56,1.28,NA,327,113,NA,NA,"BT,EBT,RBT,WCT",NA,NA,NA,NA,NA
Young-1,Young Cr.,1-1,2011,NA,NA,NA,NA,NA,NA,NA,NA,NA,134,NA,NA,"BT,EBT,RBT,WCT,MWF",NA,NA,NA,NA,NA
Young-1,Young Cr.,1-1,2012,NA,NA,NA,NA,NA,NA,NA,NA,NA,60,NA,NA,"EBT,RBT,WCT",NA,NA,NA,NA,NA
Young-1,Young Cr.,1-1,2013,NA,NA,NA,NA,NA,NA,NA,NA,NA,126,NA,NA,"BT,EBT,WCT,MWF",NA,NA,NA,NA,NA
Young-1,Young Cr.,1-1,2014,NA,NA,NA,NA,NA,NA,NA,NA,NA,136,NA,NA,"BT,EBT,WCT,MWF",NA,NA,NA,NA,NA
Young-1,Young Cr.,1-1,2015,NA,NA,NA,NA,NA,NA,NA,NA,NA,72,NA,NA,"BT,EBT,RBT,WCT,MWF",NA,NA,NA,NA,NA
Young-1,Young Cr.,1-1,2016,NA,NA,NA,NA,NA,NA,NA,NA,NA,123,NA,NA,"BT,EBT,RBT,WCT,MWF",NA,NA,NA,NA,NA
Young-1,Young Cr.,1-1,2017,NA,NA,NA,NA,NA,NA,NA,NA,NA,116,NA,NA,"BT,EBT,RBT,WCT",NA,NA,NA,NA,NA
Young-2,Young Cr.,2-0,1998,15.7,73,162,NA,27.66,7.32,1.25,NA,3263,NA,NA,NA,NA,NA,NA,NA,NA,NA
Young-2,Young Cr.,2-0,2004,17.1,45,296,NA,28.4,7.44,1.44,NA,3645,NA,NA,NA,NA,NA,NA,NA,NA,NA
Young-2,Young Cr.,2-1,1998,11.3,79,63,NA,17.35,5.29,1.36,NA,334,NA,NA,NA,NA,NA,NA,NA,NA,NA
Young-2,Young Cr.,2-1,2004,16.2,68,530,NA,24.43,6.68,1.33,NA,309,NA,NA,NA,NA,NA,NA,NA,NA,NA
Young-2,Young Cr.,2-1,2006,15.5,70,904,17,20.01,9.21,1.09,9.57,303.8,NA,NA,NA,NA,NA,NA,NA,NA,NA
Young-2,Young Cr.,2-1,2010,20.6,37,933,25,32.09,8.04,2.22,NA,430,NA,NA,NA,NA,NA,NA,NA,NA,NA
Young-2,Young Cr.,2-1,2013,12.8,57,148,11,31.22,8.18,1.39,NA,464,NA,NA,NA,NA,NA,NA,NA,NA,NA
Young-3,Young Cr.,3-0,1998,15.7,33,70,NA,27.83,7.6,1.38,NA,26668,NA,NA,NA,NA,NA,NA,NA,NA,NA
Young-3,Young Cr.,3-0,2004,16.1,41,299,NA,31.8,7.92,1.44,NA,26219,NA,NA,NA,NA,NA,NA,NA,NA,NA
Young-3,Young Cr.,3-1,1996,NA,NA,NA,NA,NA,NA,NA,NA,415,180,NA,NA,"RBT,WCT",NA,NA,NA,NA,NA
Young-3,Young Cr.,3-1,1997,NA,NA,NA,NA,NA,NA,NA,NA,500,100,NA,NA,WCT,NA,NA,NA,NA,NA
Young-3,Young Cr.,3-1,1998,14.8,53.88,64.65,NA,20.74,7.51,1.07,NA,490,439,NA,NA,WCT,NA,NA,NA,NA,NA
Young-3,Young Cr.,3-1,1999,NA,NA,NA,NA,NA,NA,NA,NA,500,358,NA,NA,"EBT,WCT",NA,NA,NA,NA,NA
Young-3,Young Cr.,3-1,2001,NA,NA,NA,NA,NA,NA,NA,NA,500,136,NA,NA,"EBT,WCT",NA,NA,NA,NA,NA
Young-3,Young Cr.,3-1,2002,NA,NA,NA,NA,NA,NA,NA,NA,500,232,NA,NA,"EBT,WCT",NA,NA,NA,NA,NA
Young-3,Young Cr.,3-1,2004,17.4,55,329,NA,24.34,8.85,1.34,NA,482,231,NA,NA,"EBT,WCT",NA,NA,NA,NA,NA
Young-3,Young Cr.,3-1,2005,15.8,NA,NA,NA,NA,NA,NA,NA,541,338,NA,NA,"EBT,WCT",NA,NA,NA,NA,NA
Young-3,Young Cr.,3-1,2006,25.8,36,693,0,27.6,10.21,1.99,13.24,434,351,NA,NA,"EBT,RBT,WCT",NA,NA,NA,NA,NA
Young-3,Young Cr.,3-1,2007,NA,NA,NA,NA,NA,NA,NA,NA,NA,169,NA,NA,"BT,EBT,WCT",NA,NA,NA,NA,NA
Young-3,Young Cr.,3-1,2008,NA,NA,NA,NA,NA,NA,NA,NA,NA,423,NA,NA,"EBT,WCT",NA,NA,NA,NA,NA
Young-3,Young Cr.,3-1,2009,NA,NA,NA,NA,NA,NA,NA,NA,NA,374,NA,NA,"EBT,WCT",NA,NA,NA,NA,NA
Young-3,Young Cr.,3-1,2010,NA,NA,NA,NA,NA,NA,NA,NA,NA,415,NA,NA,"EBT,WCT",NA,NA,NA,NA,NA
Young-3,Young Cr.,3-1,2011,NA,NA,NA,NA,NA,NA,NA,NA,NA,363,NA,NA,"EBT,WCT",NA,NA,NA,NA,NA
Young-3,Young Cr.,3-1,2012,NA,NA,NA,NA,NA,NA,NA,NA,NA,241,NA,NA,"EBT,WCT",NA,NA,NA,NA,NA
Young-3,Young Cr.,3-1,2013,NA,NA,NA,NA,NA,NA,NA,NA,NA,323,NA,NA,"EBT,WCT",NA,NA,NA,NA,NA
Young-3,Young Cr.,3-1,2014,NA,NA,NA,NA,NA,NA,NA,NA,NA,366,NA,NA,"EBT,WCT",NA,NA,NA,NA,NA
Young-3,Young Cr.,3-1,2015,NA,NA,NA,NA,NA,NA,NA,NA,NA,333,NA,NA,"EBT,WCT",NA,NA,NA,NA,NA
Young-3,Young Cr.,3-1,2016,NA,NA,NA,NA,NA,NA,NA,NA,NA,464,NA,NA,"EBT,WCT",NA,NA,NA,NA,NA
Young-3,Young Cr.,3-1,2017,18.9,55,385,22,35.16,10.41,1.3,6.24,480,362,NA,NA,"EBT,WCT",NA,NA,NA,NA,NA
Young-3,Young Cr.,3-1,2018,17.45,53.88,493.88,26.94,30.45,11.93,0.93,5.76,588,NA,NA,NA,NA,NA,NA,NA,NA,NA
Advent-1,Advent Cr.,1-0,2003,12.5,33,84,NA,15.52,4.64,2.23,NA,1592,NA,NA,NA,NA,NA,NA,NA,NA,NA
Advent-3,Advent Cr.,3-0,2003,6.6,10,167,NA,17.9,6.67,1.18,NA,2522,NA,NA,NA,NA,NA,NA,NA,NA,NA
Basin-1,Basin Cr.,1-1,2009,6.4,264,1056,38,17.34,6.62,0.69,NA,140,79,0.13,9,WCT,NA,NA,NA,NA,NA
Blessed-1,Blessed Cr.,1-0,2003,7.5,0,75,NA,10,NA,0,NA,211,NA,NA,NA,NA,NA,NA,NA,NA,NA
Blessed-2,Blessed Cr.,2-0,2003,6.9,47,234,NA,21.26,4.29,1.18,NA,2914,NA,NA,NA,NA,NA,NA,NA,NA,NA
Blessed-4,Blessed Cr.,4-0,2003,5.2,32,131,NA,17.7,4.32,1.05,NA,1329,NA,NA,NA,NA,NA,NA,NA,NA,NA
BlueSky-1,Bluesky Cr.,1-0,2002,15.4,24,44,NA,23.78,5.7,1.51,20.85,NA,NA,NA,NA,NA,NA,NA,NA,NA,NA
BlueSky-1,Bluesky Cr.,1-1,2007,19.55,69.74,537.96,0,25.67,12.06,1.01,NA,NA,NA,NA,NA,NA,NA,NA,NA,NA,NA
Clarence-1,Clarence Cr.,1-0,2002,28.9,10,109,NA,36.2,11,2.07,NA,3825,NA,NA,NA,NA,NA,NA,NA,NA,NA
Clarence-1,Clarence Cr.,1-1,2007,20.45,49.81,159.4,9.96,24.41,11.94,1,17.03,530,NA,NA,NA,NA,NA,NA,NA,NA,NA
Clarence-1,Clarence Cr.,1-1,2016,21.58,20.43,153.19,0,28.87,14.47,1,22.88,517,NA,NA,NA,NA,NA,NA,NA,NA,NA
Deep-2,Deep Cr,2-1,2005,13.5,NA,NA,NA,15.15,NA,NA,NA,250,282,0.22,30,WCT,NA,NA,NA,NA,NA
Deep-2,Deep Cr,2-1,2000,13.5,NA,NA,NA,NA,NA,NA,8.26,515,207,0.16,20,WCT,NA,NA,NA,NA,NA
EFSunday-1,EF Sunday Cr,1-0,2003,8.8,19,115,NA,29.1,5.27,1.59,NA,1659,NA,NA,NA,NA,NA,NA,NA,NA,NA
EFSunday-1,EF Sunday Cr,1-1,2006,8,143,1216,36,13.28,6.19,0.86,2.02,148,0,0,0,NA,NA,NA,NA,NA,NA
Fortine-1,Fortine,Lower,2000,43.81,20.15,42.31,8.06,61.05,27.29,1.2,6.33,2621,NA,NA,NA,NA,NA,NA,NA,NA,NA
Grave-1,Grave Cr.,1-Demo,2002,37.4,9,75,NA,50.7,7.32,2.79,NA,24994,73,NA,NA,"BT,EBT,RBT,WCT,MWF",NA,NA,NA,NA,NA
Grave-1,Grave Cr.,1-Demo,2004,NA,NA,NA,NA,NA,NA,NA,NA,1000,189,NA,NA,"BT,EBT,RBT,WCT,MWF",NA,NA,NA,NA,NA
Grave-1,Grave Cr.,1-Demo,2003,NA,NA,NA,NA,NA,NA,NA,NA,1000,141,NA,NA,"BT,EBT,RBT,WCT,MWF",NA,NA,NA,NA,NA
Grave-1,Grave Cr.,1-Demo,2001,NA,NA,NA,NA,NA,NA,NA,NA,1000,75,NA,NA,"BT,EBT,RBT,WCT,MWF",NA,NA,NA,NA,NA
Grave-1,Grave Cr.,1-Demo,2000,NA,NA,NA,NA,NA,NA,NA,NA,1000,69,NA,NA,"BT,EBT,WCT,MWF",NA,NA,NA,NA,NA
Harvey-1,Harvey Cr.,1-0,2003,4.3,23,180,0,10.99,3.08,1.14,NA,1642,NA,NA,NA,NA,NA,NA,NA,NA,NA
Harvey-1,Harvey Cr.,1-1,2010,4.9,106,669,70,12.17,4.08,0.64,NA,1659,NA,NA,NA,NA,NA,NA,NA,NA,NA
Harvey-1,Harvey Cr.,1-1,2005,4.4,103,171,0,14.61,3.87,0.86,NA,154,NA,NA,NA,NA,NA,NA,NA,NA,NA
Harvey-1,Harvey Cr.,1-1,2006,8.5,71,1069,0,17.56,7.32,0.79,1.76,222,NA,NA,NA,NA,NA,NA,NA,NA,NA
Jim-1,Jim Cr.,1-0,2004,5.2,58,824,0,11.12,3.73,1.35,NA,1185,NA,NA,NA,NA,NA,NA,NA,NA,NA
Lake-1,Lake Cr.,1-1,2009,11.7,113,361,0,22.96,7.43,1.47,NA,234,390,0.01,17,"EBT,RBT,WCT",NA,NA,NA,NA,NA
Lewis-1,Lewis Cr.,1-0,2002,12.5,35,216,12,29.5,6.89,1.54,NA,3147,NA,NA,NA,NA,NA,NA,NA,NA,NA
Lewis-1,Lewis Cr.,1-1,2008,16.1,73,19,15,17.97,7.58,1.38,NA,363,182,0.16,19,BT,NA,NA,NA,NA,NA
Lewis-1,Lewis Cr.,1-1,2016,13.6,66,378,15,27.66,9.6,1.08,9.34,397,NA,NA,NA,NA,NA,NA,NA,NA,NA
Lewis-2,Lewis Cr.,2-0,2002,12.8,26,217,44,33.2,9.06,1.41,NA,1615,NA,NA,NA,NA,NA,NA,NA,NA,NA
Lime-1,Lime Cr.,1-0,2004,4.9,24,322,NA,31.04,5,0.92,NA,1081,NA,NA,NA,NA,NA,NA,NA,NA,NA
Martin-1,Martin Cr.,1-1,2005,6.9,47,535,47,17.04,5.53,0.97,NA,227,NA,NA,NA,NA,NA,NA,NA,NA,NA
Martin-1,Martin Cr.,1-1,2007,8.4,45,535,0,18.79,8.06,0.5,NA,237,142,0.18,10,WCT,NA,NA,NA,NA,NA
Stahl-1,Stahl Cr.,1-0,2002,17.7,82,253,NA,30.6,6.79,1.35,NA,4824,NA,NA,NA,NA,NA,NA,NA,NA,NA
Stahl-2,Stahl Cr.,2-0,2002,14.4,93,367,NA,23.3,5.81,1.41,NA,2557,NA,NA,NA,NA,NA,NA,NA,NA,NA
Stahl-3,Stahl Cr.,3-0,2002,13.5,135,393,NA,23.3,6.49,1.28,NA,1530,NA,NA,NA,NA,NA,NA,NA,NA,NA
Stewart-1,Stewart Cr.,1-0,2004,6.4,69,1422,NA,12.29,5.16,1.09,NA,995,NA,NA,NA,NA,NA,NA,NA,NA,NA
Stewart-1,Stewart Cr.,1-1,2009,6.1,NA,NA,NA,NA,NA,NA,NA,242,48,NA,NA,"EBT,RBT",NA,NA,NA,NA,NA
